<?xml version="1.0" encoding="UTF-8"?>
<document version="1.2.0">
  <chunks next_id="1" active_id="0">
    <chunk id="0" path="0/chunk.zip"/>
  </chunks>
  <meta>
    <property name="Info/LastSavedDateTime" value="2024:04:19 10:41:54"/>
    <property name="Info/LastSavedSoftwareVersion" value="2.1.1.17821"/>
    <property name="Info/OriginalDateTime" value="2024:04:19 10:40:47"/>
    <property name="Info/OriginalSoftwareName" value="Agisoft Metashape"/>
    <property name="Info/OriginalSoftwareVendor" value="Agisoft"/>
    <property name="Info/OriginalSoftwareVersion" value="2.1.1.17821"/>
    <property name="Project/AbsolutePaths" value="false"/>
  </meta>
</document>
